CREATE DATABASE  IF NOT EXISTS `equim-v` /*!40100 DEFAULT CHARACTER SET utf8 */;
USE `equim-v`;
-- MySQL dump 10.13  Distrib 5.7.17, for Win64 (x86_64)
--
-- Host: 127.0.0.1    Database: equim-v
-- ------------------------------------------------------
-- Server version	5.5.5-10.4.11-MariaDB

/*!40101 SET @OLD_CHARACTER_SET_CLIENT=@@CHARACTER_SET_CLIENT */;
/*!40101 SET @OLD_CHARACTER_SET_RESULTS=@@CHARACTER_SET_RESULTS */;
/*!40101 SET @OLD_COLLATION_CONNECTION=@@COLLATION_CONNECTION */;
/*!40101 SET NAMES utf8 */;
/*!40103 SET @OLD_TIME_ZONE=@@TIME_ZONE */;
/*!40103 SET TIME_ZONE='+00:00' */;
/*!40014 SET @OLD_UNIQUE_CHECKS=@@UNIQUE_CHECKS, UNIQUE_CHECKS=0 */;
/*!40014 SET @OLD_FOREIGN_KEY_CHECKS=@@FOREIGN_KEY_CHECKS, FOREIGN_KEY_CHECKS=0 */;
/*!40101 SET @OLD_SQL_MODE=@@SQL_MODE, SQL_MODE='NO_AUTO_VALUE_ON_ZERO' */;
/*!40111 SET @OLD_SQL_NOTES=@@SQL_NOTES, SQL_NOTES=0 */;

--
-- Table structure for table `carts`
--

DROP TABLE IF EXISTS `carts`;
/*!40101 SET @saved_cs_client     = @@character_set_client */;
/*!40101 SET character_set_client = utf8 */;
CREATE TABLE `carts` (
  `id` int(11) NOT NULL AUTO_INCREMENT,
  `id_usuario` int(11) DEFAULT NULL,
  `id_producto` int(11) DEFAULT NULL,
  `cantidad` int(11) DEFAULT NULL,
  `remito` int(11) DEFAULT NULL,
  PRIMARY KEY (`id`),
  KEY `id_usuario_idx` (`id_usuario`),
  CONSTRAINT `id_usuario` FOREIGN KEY (`id_usuario`) REFERENCES `users` (`id`) ON DELETE NO ACTION ON UPDATE NO ACTION
) ENGINE=InnoDB DEFAULT CHARSET=utf8;
/*!40101 SET character_set_client = @saved_cs_client */;

--
-- Dumping data for table `carts`
--

LOCK TABLES `carts` WRITE;
/*!40000 ALTER TABLE `carts` DISABLE KEYS */;
/*!40000 ALTER TABLE `carts` ENABLE KEYS */;
UNLOCK TABLES;

--
-- Table structure for table `categories`
--

DROP TABLE IF EXISTS `categories`;
/*!40101 SET @saved_cs_client     = @@character_set_client */;
/*!40101 SET character_set_client = utf8 */;
CREATE TABLE `categories` (
  `id` int(11) NOT NULL AUTO_INCREMENT,
  `nombre` varchar(45) NOT NULL,
  `imagen` varchar(45) NOT NULL,
  PRIMARY KEY (`id`)
) ENGINE=InnoDB AUTO_INCREMENT=5 DEFAULT CHARSET=utf8;
/*!40101 SET character_set_client = @saved_cs_client */;

--
-- Dumping data for table `categories`
--

LOCK TABLES `categories` WRITE;
/*!40000 ALTER TABLE `categories` DISABLE KEYS */;
INSERT INTO `categories` VALUES (1,'productos para piso',''),(2,'productos para ba単o',''),(3,'productos para cocina',''),(4,'productos varios','');
/*!40000 ALTER TABLE `categories` ENABLE KEYS */;
UNLOCK TABLES;

--
-- Table structure for table `products`
--

DROP TABLE IF EXISTS `products`;
/*!40101 SET @saved_cs_client     = @@character_set_client */;
/*!40101 SET character_set_client = utf8 */;
CREATE TABLE `products` (
  `id` int(11) NOT NULL AUTO_INCREMENT,
  `nombre` varchar(45) NOT NULL,
  `descripcion` varchar(300) NOT NULL,
  `imagen` varchar(45) NOT NULL,
  `precio` int(11) NOT NULL,
  `id_categoria` int(11) NOT NULL,
  PRIMARY KEY (`id`),
  KEY `id_categoria_idx` (`id_categoria`),
  CONSTRAINT `id_categoria` FOREIGN KEY (`id_categoria`) REFERENCES `categories` (`id`) ON DELETE NO ACTION ON UPDATE NO ACTION
) ENGINE=InnoDB AUTO_INCREMENT=16 DEFAULT CHARSET=utf8;
/*!40101 SET character_set_client = @saved_cs_client */;

--
-- Dumping data for table `products`
--

LOCK TABLES `products` WRITE;
/*!40000 ALTER TABLE `products` DISABLE KEYS */;
INSERT INTO `products` VALUES (1,'alcohol ','alcohol al 70% envase ahorro 4lts','alcohol-4lts.jpg',250,4),(2,'alcohol ','alcohol al 70% envase 1lts','alcohol-un-litro.jpg',80,4),(3,'lavandina ','lavandina diluida en envase ahorro 4lts','lavandina-cuatro-litros.jpg',300,2),(4,'lavandina plus ','lavandina doble accion 1lts','lavandina-doble-1lt.jpg',90,2),(5,'lavandina triple accion ','lavandina triple accion envase ahorro 4lts','lavandina-triple-4lts.jpg',310,2),(6,'limpiador antigrasa ','limpiador antigrasa envase ahorro 5lts','limpiador-antigrasa-5lts.jpg',400,3),(7,'desinfectante para ba単o','liquido triple accion para ba単os 1lts','limpiador-ba単o-triple.jpg',100,2),(8,'limpiador cremoso','liquido cremoso para manchas dificiles 1lts','limpiador-cremoso-reforzado.jpg',150,1),(9,'liquido para pisos','desinfectante de pisos 1lts','limpiador-cremoso.jpg',110,1),(10,'desodorante para pisos','desodorante para pisos con aromas naturales 900ml','limpiador-piso-900ml.jpg',90,1),(11,'lavandina','dddddddd','imagen-1604440672250.jpg',234,1);
/*!40000 ALTER TABLE `products` ENABLE KEYS */;
UNLOCK TABLES;

--
-- Table structure for table `users`
--

DROP TABLE IF EXISTS `users`;
/*!40101 SET @saved_cs_client     = @@character_set_client */;
/*!40101 SET character_set_client = utf8 */;
CREATE TABLE `users` (
  `id` int(11) NOT NULL AUTO_INCREMENT,
  `nombre` varchar(45) NOT NULL,
  `apellido` varchar(45) NOT NULL,
  `email` varchar(45) NOT NULL,
  `password` varchar(100) NOT NULL,
  `rol` varchar(45) NOT NULL DEFAULT 'user',
  `direccion` varchar(45) NOT NULL,
  `ciudad` varchar(45) NOT NULL,
  `provincia` varchar(45) NOT NULL,
  PRIMARY KEY (`id`)
) ENGINE=InnoDB AUTO_INCREMENT=4 DEFAULT CHARSET=utf8;
/*!40101 SET character_set_client = @saved_cs_client */;

--
-- Dumping data for table `users`
--

LOCK TABLES `users` WRITE;
/*!40000 ALTER TABLE `users` DISABLE KEYS */;
INSERT INTO `users` VALUES (1,'lautaro','rodriguez','lau@gmail.com','$2b$10$OD1645zKZS4EyGAkXwAjk.L3q3.8xW4NXMeoYzPua3nbUZidTFMdi','admin','calle falsa760','quilmes','buenos aires'),(2,'diego','santi','diego@gmail.com','$2b$10$gKczAcJQeGA1akd2lzySlO1elD4L5FshigAWxA17Mc0/KUBNc6wWu','user','calle 123','caba','buenos aires'),(3,'lautaro','dias','lau@gmail.com','$2b$10$2jbBfSCkMD.z1lI/JVFfUuEc1.ze1nGWQInfdMS/QzBsmbmqoxPlC','','calle 123','bernal','buenos aires');
/*!40000 ALTER TABLE `users` ENABLE KEYS */;
UNLOCK TABLES;
/*!40103 SET TIME_ZONE=@OLD_TIME_ZONE */;

/*!40101 SET SQL_MODE=@OLD_SQL_MODE */;
/*!40014 SET FOREIGN_KEY_CHECKS=@OLD_FOREIGN_KEY_CHECKS */;
/*!40014 SET UNIQUE_CHECKS=@OLD_UNIQUE_CHECKS */;
/*!40101 SET CHARACTER_SET_CLIENT=@OLD_CHARACTER_SET_CLIENT */;
/*!40101 SET CHARACTER_SET_RESULTS=@OLD_CHARACTER_SET_RESULTS */;
/*!40101 SET COLLATION_CONNECTION=@OLD_COLLATION_CONNECTION */;
/*!40111 SET SQL_NOTES=@OLD_SQL_NOTES */;

-- Dump completed on 2020-11-05 10:06:50
